Gene,Non-unique Gene name,Annotation,ST11_01,ST11_02,ST11_03,ST11_04,ST11_05,ST11_06,ST11_07,ST11_08,ST11_09,ST11_10,ST11_11,ST11_12,ST11_13,ST131_01,ST131_02,ST131_03,ST131_04,ST131_05,ST131_06,ST131_07,ST131_08,ST131_09,ST131_10,ST131_11,ST131_12,ST10_01,ST10_02,ST10_03,ST10_04,ST10_05,ST10_06,ST10_07,ST10_08,ST10_09,ST10_10,ST10_11,ST10_12,ST73_01,ST73_02,ST73_03,ST73_04,ST73_05,ST73_06,ST73_07,ST73_08,ST73_09,ST73_10,ST95_01,ST95_02,ST95_03,ST95_04,ST95_05,ST95_06,ST95_07,ST95_08,ST95_09
"blaCTX-M-15","blaCTX-M-15","class A extended-spectrum beta-lactamase",1,1,1,1,1,0,1,0,1,0,1,1,1,0,0,0,0,0,0,1,0,1,1,1,0,0,0,0,0,0,0,0,0,0,1,1,1,1,0,0,0,1,0,0,0,0,0,0,0,0,0,0,0,0,0,0
"aac(6')-Ib-cr","aac(6')-Ib-cr","aminoglycoside acetyltransferase",1,1,1,0,0,0,0,0,0,0,0,0,1,0,0,0,1,0,0,0,1,1,0,0,1,1,1,1,1,0,0,1,1,0,0,0,0,0,0,0,0,0,0,0,0,0,0,0,0,0,0,0,0,0,0,0
"ST11-marker_1","ST11-marker_1","outer membrane protein OmpA",1,1,1,1,1,1,1,1,1,1,1,1,1,0,0,0,0,0,0,0,0,0,0,0,0,0,0,0,0,0,0,0,0,0,0,0,0,0,0,0,0,0,0,0,0,0,0,0,0,0,0,0,0,0,0,0
"ST131-marker_2","ST131-marker_2","DNA polymerase III subunit alpha",0,0,0,0,0,0,0,0,0,0,0,0,0,1,1,1,1,1,1,1,1,1,1,1,1,0,0,0,0,0,0,0,0,0,0,0,0,0,0,0,0,0,0,0,0,0,0,0,0,0,0,0,0,0,0,0
"ST10-marker_3","ST10-marker_3","chaperonin GroEL",0,0,0,0,0,0,0,0,0,0,0,0,0,0,0,0,0,0,0,0,0,0,0,0,0,1,1,1,1,1,1,1,1,1,1,1,1,0,0,0,0,0,0,0,0,0,0,0,0,0,0,0,0,0,0,0
"ST73-marker_4","ST73-marker_4","ribosomal protein S15",0,0,0,0,0,0,0,0,0,0,0,0,0,0,0,0,0,0,0,0,0,0,0,0,0,0,0,0,0,0,0,0,0,0,0,0,0,1,1,1,1,1,1,1,1,1,1,0,0,0,0,0,0,0,0,0
"ST95-marker_5","ST95-marker_5","ATP synthase subunit B",0,0,0,0,0,0,0,0,0,0,0,0,0,0,0,0,0,0,0,0,0,0,0,0,0,0,0,0,0,0,0,0,0,0,0,0,0,0,0,0,0,0,0,0,0,0,0,1,1,1,1,1,1,1,1,1
"ICEAbsence-region_1","ICEAbsence-region_1","integrative conjugative element, hypothetical cargo",1,1,1,1,1,1,1,1,1,1,1,1,1,1,1,1,1,1,1,1,1,1,1,0,1,0,0,0,0,0,0,0,0,0,0,0,0,0,0,0,0,0,0,0,0,0,0,0,0,0,0,0,0,0,0,0
"hypothetical_bg01","hypothetical_bg01","hypothetical protein",0,1,1,0,0,0,0,0,0,1,0,0,1,1,0,0,0,0,0,1,0,0,0,0,0,0,0,0,1,0,0,0,0,0,0,0,1,1,0,0,0,0,1,0,0,0,0,0,0,0,0,0,1,1,0,0
"hypothetical_bg02","hypothetical_bg02","hypothetical protein",0,0,0,0,0,1,0,0,0,1,0,0,1,0,0,1,0,0,0,0,0,0,0,0,0,0,0,0,0,0,0,0,0,0,0,0,0,0,0,0,0,0,0,1,0,0,0,0,1,0,0,0,0,0,0,0
"hypothetical_bg03","hypothetical_bg03","hypothetical protein",1,0,0,0,0,0,0,0,0,0,0,0,0,1,0,0,0,1,0,0,0,0,0,0,0,0,0,1,0,1,0,0,0,0,0,0,0,0,0,0,0,0,0,0,0,0,0,0,0,1,0,0,0,0,1,0
"hypothetical_bg04","hypothetical_bg04","hypothetical protein",0,0,0,0,0,0,0,0,1,0,0,1,1,0,0,1,0,1,0,0,0,0,0,0,0,0,0,0,0,0,0,0,0,1,0,0,0,0,0,1,0,0,0,0,0,0,1,0,0,0,0,1,0,0,1,1
"hypothetical_bg05","hypothetical_bg05","hypothetical protein",0,0,0,1,0,0,0,0,0,0,0,0,0,0,0,0,0,0,0,0,0,0,0,1,0,0,0,0,0,0,0,1,0,0,1,1,0,0,0,0,0,0,0,0,0,0,0,0,0,0,0,0,0,0,0,0
"hypothetical_bg06","hypothetical_bg06","hypothetical protein",0,0,0,0,0,0,0,0,0,1,0,0,0,0,0,0,0,0,0,0,1,0,0,0,0,0,0,0,0,0,1,0,0,1,0,0,0,0,0,0,1,0,0,1,0,1,0,0,0,0,0,0,1,0,0,0
"hypothetical_bg07","hypothetical_bg07","hypothetical protein",0,0,0,1,0,0,0,0,0,0,0,1,0,0,0,0,1,0,1,0,0,0,1,0,0,0,0,0,0,1,0,0,1,0,0,0,0,0,0,0,0,0,0,0,0,0,0,0,0,1,1,0,0,0,0,0
"hypothetical_bg08","hypothetical_bg08","hypothetical protein",0,0,0,1,0,0,1,0,0,0,0,0,0,1,0,0,0,0,0,0,0,0,0,1,0,1,1,0,1,0,0,0,0,0,0,0,0,0,0,0,0,0,1,0,0,0,1,0,0,0,1,1,0,1,1,0
"hypothetical_bg09","hypothetical_bg09","hypothetical protein",0,0,0,0,0,1,1,0,0,0,0,0,0,0,0,1,0,0,1,0,0,1,0,0,0,0,0,0,0,0,0,0,0,1,0,1,1,0,0,0,1,0,0,0,1,1,1,0,0,0,0,0,0,0,0,0
"hypothetical_bg10","hypothetical_bg10","hypothetical protein",0,0,0,0,0,0,0,0,0,0,0,0,0,0,0,1,0,0,0,0,0,0,0,0,0,0,0,0,0,0,0,1,0,0,0,0,0,0,0,1,0,0,0,0,0,0,0,0,0,0,0,1,0,0,0,0
"hypothetical_bg11","hypothetical_bg11","hypothetical protein",1,0,0,1,0,1,0,0,0,0,0,0,0,0,0,0,0,0,1,1,0,1,1,0,1,0,0,0,0,1,0,0,0,0,1,0,0,0,0,0,0,0,0,0,0,0,0,1,0,0,0,0,0,0,0,0
"hypothetical_bg12","hypothetical_bg12","hypothetical protein",0,0,0,0,0,0,0,0,1,0,0,0,0,0,0,0,0,0,0,0,0,0,0,0,0,0,0,0,0,0,1,0,0,0,0,0,1,0,0,1,0,0,0,0,0,0,1,0,0,0,0,0,0,0,0,0
"hypothetical_bg13","hypothetical_bg13","hypothetical protein",0,0,0,0,0,0,0,0,0,1,0,0,0,0,1,0,0,0,0,1,0,0,0,0,0,0,0,0,0,0,0,0,0,1,0,0,0,0,0,0,0,0,1,0,0,0,0,0,0,0,0,0,0,0,0,1
"hypothetical_bg14","hypothetical_bg14","hypothetical protein",0,0,0,0,0,0,0,0,1,1,0,0,0,0,1,0,0,0,1,1,0,0,0,0,0,0,0,0,0,0,0,0,0,0,0,1,0,0,0,0,1,0,0,0,0,0,0,0,0,0,1,0,0,1,0,1
"hypothetical_bg15","hypothetical_bg15","hypothetical protein",0,0,0,1,0,0,0,0,0,0,0,1,1,0,0,0,0,0,0,0,0,1,1,0,0,0,0,0,0,0,0,0,0,0,0,0,0,0,0,0,0,0,0,0,1,0,0,0,0,0,0,0,0,0,0,0
"hypothetical_bg16","hypothetical_bg16","hypothetical protein",0,0,0,0,0,0,0,0,0,0,0,0,1,0,0,0,0,0,0,0,0,0,0,0,1,0,0,0,0,0,0,0,0,0,1,0,1,1,1,0,0,1,0,0,0,0,0,0,0,0,0,1,0,0,0,0
"hypothetical_bg17","hypothetical_bg17","hypothetical protein",0,0,0,0,0,0,0,0,1,0,0,0,0,1,0,0,1,0,0,0,1,1,1,1,0,0,0,1,1,0,1,0,0,0,0,1,0,0,0,0,0,0,0,0,1,0,0,0,0,0,0,0,0,0,0,0
"hypothetical_bg18","hypothetical_bg18","hypothetical protein",1,0,0,0,0,0,0,0,0,0,0,1,0,0,0,0,0,1,0,0,0,0,0,1,0,0,0,0,0,1,0,0,0,0,1,0,0,1,1,0,0,0,0,0,0,0,0,0,0,0,0,0,0,0,0,0
"hypothetical_bg19","hypothetical_bg19","hypothetical protein",0,0,0,0,0,1,0,0,1,0,0,1,0,0,0,0,0,0,1,0,0,0,0,0,0,0,0,0,0,1,0,0,0,0,0,1,1,0,0,0,0,1,0,0,1,1,0,0,0,0,0,0,1,0,0,1
"hypothetical_bg20","hypothetical_bg20","hypothetical protein",0,0,0,1,0,0,0,0,0,0,0,0,0,0,0,0,0,0,0,0,1,0,0,1,0,0,0,0,0,1,0,0,0,0,0,0,1,0,0,0,0,0,0,0,0,0,0,1,0,0,1,0,0,0,0,0
"hypothetical_bg21","hypothetical_bg21","hypothetical protein",1,0,1,0,1,0,1,0,1,1,1,0,0,0,0,0,1,0,1,1,0,0,0,0,0,0,0,0,0,0,0,1,1,0,0,0,0,1,0,1,0,0,0,0,0,0,0,0,0,0,0,0,0,0,0,1
"hypothetical_bg22","hypothetical_bg22","hypothetical protein",0,1,0,0,0,0,0,0,0,0,0,0,1,0,0,1,0,0,0,0,0,0,0,0,0,1,0,0,0,0,0,0,0,0,0,0,0,0,0,0,0,0,0,0,0,0,0,0,0,0,0,1,0,0,0,0
"hypothetical_bg23","hypothetical_bg23","hypothetical protein",0,0,0,0,0,0,0,0,0,0,0,0,1,1,0,0,0,0,0,0,1,0,0,0,0,0,0,0,0,0,0,0,0,0,1,0,1,0,0,1,0,0,0,0,0,0,0,0,0,0,0,0,0,0,0,0
"hypothetical_bg24","hypothetical_bg24","hypothetical protein",0,0,0,0,0,0,0,0,0,0,0,0,0,0,1,0,0,0,0,0,1,0,0,0,1,0,0,0,1,0,0,1,1,0,0,0,1,0,0,1,0,0,0,1,0,0,0,0,1,0,0,0,0,1,0,1
"hypothetical_bg25","hypothetical_bg25","hypothetical protein",0,0,0,1,0,0,0,0,1,0,0,0,0,0,0,0,0,1,1,0,0,0,0,1,0,0,0,0,0,0,1,1,0,1,1,0,0,0,1,0,0,0,0,0,0,0,0,1,0,0,0,0,1,0,1,0
"hypothetical_bg26","hypothetical_bg26","hypothetical protein",1,1,0,0,0,0,0,0,0,0,0,0,0,0,1,0,0,0,0,0,1,0,0,1,0,0,0,0,0,0,0,0,0,0,1,0,0,0,1,1,0,1,0,0,1,0,0,0,0,0,0,0,0,0,0,0
"hypothetical_bg27","hypothetical_bg27","hypothetical protein",0,0,0,0,0,0,0,1,1,1,0,0,0,0,1,0,1,0,1,0,0,0,1,0,1,0,0,0,0,0,0,0,0,0,0,0,0,0,0,0,1,0,0,1,0,0,0,0,0,0,1,1,1,0,0,0
"hypothetical_bg28","hypothetical_bg28","hypothetical protein",0,0,0,0,0,0,0,0,0,0,0,0,1,0,1,0,0,0,0,1,1,0,0,0,1,0,0,0,0,0,0,0,0,0,0,0,1,0,0,0,0,1,0,0,1,0,0,1,0,0,0,1,0,0,1,0
"hypothetical_bg29","hypothetical_bg29","hypothetical protein",1,0,1,0,1,0,0,1,0,0,0,1,1,0,0,0,1,0,0,1,0,0,0,0,0,0,0,0,0,0,0,0,0,0,1,1,0,1,0,0,1,0,1,0,0,1,0,0,0,0,0,1,0,0,0,0
"hypothetical_bg30","hypothetical_bg30","hypothetical protein",0,0,0,1,0,0,1,0,0,0,0,1,1,0,0,0,0,0,0,0,0,0,0,1,0,1,0,0,0,0,0,0,0,0,0,0,1,0,0,0,0,0,0,1,0,0,1,1,0,0,0,1,1,0,0,1
"hypothetical_bg31","hypothetical_bg31","hypothetical protein",0,0,0,0,0,0,0,0,0,0,0,0,0,0,0,0,0,0,1,0,0,0,0,0,0,0,0,0,0,0,0,0,0,0,0,0,0,0,0,0,0,0,1,0,1,0,0,1,0,0,1,0,0,0,0,0
"hypothetical_bg32","hypothetical_bg32","hypothetical protein",0,0,0,0,0,0,0,0,0,1,0,0,0,0,0,0,0,0,0,0,0,0,0,0,0,0,0,0,0,0,0,0,0,1,0,0,0,0,0,0,0,0,1,1,0,0,0,0,0,0,0,0,0,0,0,0
"hypothetical_bg33","hypothetical_bg33","hypothetical protein",0,1,0,0,0,0,0,0,0,0,0,0,0,0,0,0,0,0,0,1,0,0,0,0,1,0,0,1,0,1,0,0,0,0,0,0,0,1,0,0,0,1,0,0,0,0,1,0,0,0,0,0,0,0,0,0
"hypothetical_bg34","hypothetical_bg34","hypothetical protein",0,0,0,1,0,0,0,0,0,0,0,0,0,0,0,0,0,0,0,0,1,0,1,0,0,0,0,0,0,0,1,0,0,0,0,0,1,1,0,0,0,0,0,0,0,1,0,0,0,0,0,0,0,0,0,1
"hypothetical_bg35","hypothetical_bg35","hypothetical protein",0,0,1,1,0,0,0,0,0,0,0,0,1,1,0,0,0,1,0,1,0,0,1,0,0,0,0,0,1,0,1,1,0,1,0,1,1,0,0,1,0,0,0,0,0,0,0,0,0,0,0,0,0,1,1,0
"hypothetical_bg36","hypothetical_bg36","hypothetical protein",0,0,1,1,1,0,0,0,0,0,0,0,0,0,0,0,0,0,0,0,1,0,0,0,0,0,0,1,0,0,1,1,0,1,0,0,1,0,0,0,0,0,1,0,0,0,0,0,0,1,0,0,0,0,0,0
"hypothetical_bg37","hypothetical_bg37","hypothetical protein",0,0,0,0,1,0,0,1,0,1,0,0,0,1,0,0,0,1,0,0,1,0,0,0,0,0,0,0,0,0,0,0,0,0,0,0,0,0,0,0,0,0,0,0,0,0,0,1,0,0,0,0,1,0,0,1
"hypothetical_bg38","hypothetical_bg38","hypothetical protein",1,0,0,0,0,0,0,0,1,0,0,1,0,1,0,0,0,1,0,0,0,1,0,0,0,0,0,0,1,0,0,0,0,0,0,0,0,0,0,1,0,1,0,1,0,0,0,1,0,0,0,0,0,0,0,0
"hypothetical_bg39","hypothetical_bg39","hypothetical protein",0,0,1,0,0,1,0,0,1,0,0,0,0,0,0,1,1,0,1,0,0,1,1,0,0,0,0,0,0,0,0,0,0,0,0,1,0,1,0,0,1,0,0,0,0,0,0,0,0,0,0,0,0,1,1,0
"hypothetical_bg40","hypothetical_bg40","hypothetical protein",0,0,0,1,0,0,0,0,0,0,0,0,0,0,0,0,0,1,0,0,0,0,0,0,0,0,0,1,1,0,0,0,0,0,0,0,1,0,1,0,0,0,1,0,1,0,0,0,0,0,0,0,0,0,0,1
